player_name,gp
Vince Carter,1541
Dirk Nowitzki,1522
LeBron James,1421
Jason Terry,1410
Tim Duncan,1392
Kevin Garnett,1382
Kobe Bryant,1346
Paul Pierce,1343
Jamal Crawford,1327
Andre Miller,1304
Ray Allen,1300
Derek Fisher,1287
Joe Johnson,1277
Carmelo Anthony,1260
Tony Parker,1254
Dwight Howard,1242
Kyle Korver,1232
Jason Kidd,1231
Andre Iguodala,1231
Pau Gasol,1226
Steve Nash,1217
Chris Paul,1214
Richard Jefferson,1181
Shawn Marion,1163
Tyson Chandler,1160
Thaddeus Young,1139
Lou Williams,1123
Rudy Gay,1120
Trevor Ariza,1118
Zach Randolph,1116
Jeff Green,1107
Zaza Pachulia,1098
Russell Westbrook,1094
Ben Wallace,1088
Paul Millsap,1085
Antawn Jamison,1083
Kyle Lowry,1078
LaMarcus Aldridge,1076
Marvin Williams,1072
Boris Diaw,1064
Juwan Howard,1062
Elton Brand,1058
Manu Ginobili,1057
Dwyane Wade,1054
Rashard Lewis,1049
Rasheed Wallace,1044
Chauncey Billups,1043
Kurt Thomas,1036
David West,1034
Mike Miller,1032
DeMar DeRozan,1031
Mike Conley,1025
Michael Finley,1021
DeAndre Jordan,1019
Tayshaun Prince,1017
Al Horford,1013
Jermaine O'Neal,1011
Nazr Mohammed,1005
Mike Bibby,1001
James Harden,1000
Hedo Turkoglu,997
Nicolas Batum,993
Metta World Peace,991
Erick Dampier,987
Mike Dunleavy,986
Kevin Durant,986
Devin Harris,985
Al Harrington,981
Shane Battier,977
JR Smith,977
D.J. Augustin,976
Robin Lopez,976
Marcus Camby,973
Raymond Felton,971
Nene,965
Lamar Odom,961
Rajon Rondo,957
Wesley Matthews,950
Joe Smith,948
Brook Lopez,946
Goran Dragic,946
Taj Gibson,945
JJ Redick,940
Antonio McDyess,939
Tracy McGrady,938
Matt Barnes,929
Richard Hamilton,921
Serge Ibaka,919
George Hill,915
Al Jefferson,915
Allen Iverson,914
Shaquille O'Neal,912
Nick Collison,910
Jrue Holiday,906
Jared Dudley,904
Luol Deng,902
Jerry Stackhouse,898
John Salmons,895
Jose Calderon,895
Josh Smith,894
Antoine Walker,893
Chris Bosh,893
Marc Gasol,891
Channing Frye,890
Samuel Dalembert,886
Stephen Curry,882
Caron Butler,881
Udonis Haslem,879
Kirk Hinrich,879
Jameer Nelson,878
Earl Watson,878
Grant Hill,876
Kevin Love,874
Bruce Bowen,873
Antonio Daniels,872
Steve Blake,870
Amir Johnson,870
Thabo Sefolosha,869
Brad Miller,868
Jarrett Jack,867
James Posey,864
JaVale McGee,863
Carlos Boozer,861
Patty Mills,860
Marco Belinelli,860
Stephen Jackson,858
Jason Richardson,857
Leandro Barbosa,850
CJ Miles,849
P.J. Brown,849
Amar'e Stoudemire,846
Stephon Marbury,846
Deron Williams,845
Gary Payton,845
Zydrunas Ilgauskas,843
Tony Battie,837
Baron Davis,835
Monta Ellis,833
Shaun Livingston,833
Brent Barry,833
Gerald Wallace,832
J.J. Barea,831
Beno Udrih,831
Luke Ridnour,830
Danny Green,830
Shareef Abdur-Rahim,830
David Lee,829
Harrison Barnes,829
Corey Maggette,827
Tobias Harris,827
Jeff Teague,826
Ersan Ilyasova,825
Darrell Armstrong,824
Tim Thomas,824
DeShawn Stevenson,824
Nikola Vucevic,823
Donyell Marshall,823
Tony Allen,820
Eddie Jones,820
Corey Brewer,819
Eric Gordon,818
Mo Williams,818
Clifford Robinson,817
Brendan Haywood,816
Malik Rose,813
Robert Horry,812
Rasho Nesterovic,811
Courtney Lee,811
Reggie Evans,809
Rasual Butler,809
Damon Stoudamire,808
Marcin Gortat,806
Dikembe Mutombo,805
Peja Stojakovic,804
Eric Snow,803
Kris Humphries,800
Bismack Biyombo,799
Andrei Kirilenko,797
Paul George,793
Anthony Johnson,793
Matt Bonner,792
Cory Joseph,790
Derrick Favors,790
Drew Gooden,790
Jason Williams,788
Andre Drummond,785
Sam Cassell,784
Gordon Hayward,784
Quentin Richardson,783
Kendrick Perkins,782
Lorenzen Wright,778
Jacque Vaughn,776
Jonas Valanciunas,774
Reggie Jackson,771
Wayne Ellington,770
Corliss Williamson,769
Damian Lillard,769
James Johnson,765
Blake Griffin,765
Jeff Foster,764
Jalen Rose,762
Arron Afflalo,762
Ish Smith,762
Kentavious Caldwell-Pope,759
Draymond Green,758
Brandon Bass,758
Kenyon Martin,757
David Wesley,756
Eric Bledsoe,756
Bobby Jackson,755
Jimmy Butler,754
Jae Crowder,753
Randy Foye,752
Kemba Walker,750
Markieff Morris,750
Cuttino Mobley,747
Ben Gordon,744
Luis Scola,743
Mason Plumlee,740
Vladimir Radmanovic,737
Ricky Davis,736
Jason Collins,735
Chris Kaman,735
Theo Ratliff,735
Adonal Foyle,733
Terrence Ross,733
Lindsey Hunter,733
Willie Green,731
Tristan Thompson,730
Dale Davis,730
Anthony Tolliver,730
Brevin Knight,729
Troy Murphy,729
Keyon Dooling,728
Danilo Gallinari,728
Larry Hughes,727
Ed Davis,722
Nick Young,720
Giannis Antetokounmpo,719
Patrick Patterson,719
Shandon Anderson,719
Eddie House,717
Klay Thompson,716
Bo Outlaw,716
Garrett Temple,716
Dante Cunningham,715
Kevin Martin,714
Enes Kanter,713
Morris Peterson,711
Darren Collison,711
Al-Farouq Aminu,711
Othella Harrington,709
James Jones,709
Austin Rivers,707
Andrew Bogut,706
Raja Bell,706
Steven Adams,706
Marreese Speights,705
Evan Turner,705
Greg Ostertag,699
Derrick Rose,699
Ricky Rubio,698
Chucky Atkins,696
Antonio Davis,696
Chris Andersen,695
Bradley Beal,695
Aaron Williams,694
Ramon Sessions,691
Luc Mbah a Moute,689
Dennis Schroder,687
Chris Webber,686
Kosta Koufos,686
Spencer Hawes,684
Khris Middleton,684
Rudy Gobert,681
Jamaal Magloire,680
Will Barton,679
Kelly Olynyk,678
Alec Burks,676
Wilson Chandler,676
Joakim Noah,672
Evan Fournier,672
Howard Eisley,672
Doug Christie,672
Keith Bogans,671
Rafer Alston,671
Kyrie Irving,671
Reggie Miller,669
Aaron McKie,667
Matt Harpring,665
CJ McCollum,665
Bojan Bogdanovic,662
Kevin Ollie,662
Roy Hibbert,662
Jordan Clarkson,661
Anthony Davis,660
Avery Bradley,660
Austin Croshere,659
Gerald Green,658
Tim Hardaway Jr.,657
Damon Jones,657
Kent Bazemore,657
Charlie Villanueva,656
Ervin Johnson,655
DeMarcus Cousins,654
Bryon Russell,652
Earl Boykins,652
Rodney Stuckey,651
Wally Szczerbiak,651
Ryan Anderson,649
Travis Best,649
Ruben Patterson,649
John Wall,647
Greg Monroe,646
Mario Chalmers,646
Nick Van Exel,645
Aaron Brooks,645
Mike James,644
Chuck Hayes,644
Trenton Hassell,644
Eric Piatkowski,643
Desmond Mason,643
Jim Jackson,642
Rodney Rogers,640
Joe Ingles,636
Jonas Jerebko,635
Andrew Wiggins,635
Mehmet Okur,634
Kenny Thomas,632
Anderson Varejao,632
Devean George,630
Jared Jeffries,629
Michael Redd,629
Chris Wilcox,628
Gorgui Dieng,628
Kawhi Leonard,628
Dahntay Jones,624
Anthony Carter,623
Shawn Bradley,622
Justin Holiday,622
Travis Outlaw,622
Maurice Harkless,621
Eduardo Najera,619
Ian Mahinmi,618
Nate Robinson,618
Jason Maxiell,618
Jerami Grant,618
Jason Smith,616
Emeka Okafor,616
Derek Anderson,615
Vlade Divac,614
Calbert Cheaney,612
Stacey Augmon,611
Michael Curry,611
Vitaly Potapenko,610
Michael Beasley,609
Wesley Johnson,609
Toni Kukoc,609
Brian Skinner,608
Latrell Sprewell,607
Kwame Brown,607
Chris Duhon,606
Mark Blount,605
Steven Smith,603
Allan Houston,602
Tony Snell,601
Elden Campbell,601
DeSagana Diop,601
C.J. Watson,600
E'Twaun Moore,598
Brian Grant,598
Clar. Weatherspoon,597
Nikola Jokic,596
Aaron Gordon,596
Alex Len,596
Julius Randle,595
Tyreke Evans,594
Eric Williams,594
Walter McCarty,593
Patrick Beverley,593
Joel Przybilla,592
Doug McDermott,591
Bonzi Wells,591
Omri Casspi,588
Jason Thompson,588
Jerome Williams,587
Dwight Powell,587
Michael Doleac,587
Jerryd Bayless,586
Danny Granger,586
Robert Covington,585
Lucious Harris,583
Mark Jackson,583
Damien Wilkins,582
Jon Barry,582
Sasha Vujacic,581
Marcus Smart,581
Martell Webster,580
DeMarre Carroll,578
Karl Malone,578
Bob Sura,578
Lamond Murray,578
Steve Francis,576
Jeff McInnis,576
Keith Van Horn,575
Anthony Peeler,574
Kyle Anderson,574
Jeremy Lamb,573
Alan Henderson,573
Wesley Person,573
George Lynch,571
Greg Buckner,570
Carlos Arroyo,569
Sasha Pavlovic,567
Andrew DeClercq,565
Luke Walton,564
Anthony Morrow,564
Sebastian Telfair,564
Mikki Moore,564
Andray Blatche,564
Raef LaFrentz,563
Rick Fox,562
Christian Laettner,562
Maurice Evans,562
Kevin Willis,560
Charlie Ward,558
Mickael Pietrus,557
T.J. McConnell,556
Ben McLemore,556
Zach LaVine,555
Mike Scott,555
Brandon Jennings,555
Lance Stephenson,554
Tyronn Lue,554
Alonzo Mourning,553
Pat Garrity,552
Gilbert Arenas,552
Ty Lawson,551
Andrea Bargnani,550
Isaiah Thomas,550
Francisco Garcia,549
Dorell Wright,549
Marquis Daniels,548
Buddy Hield,548
Jamaal Tinsley,547
Stromile Swift,547
O.J. Mayo,547
Vin Baker,545
Tony Delk,545
JaMychal Green,544
Ronnie Price,544
Jarron Collins,542
Kelvin Cato,541
Terry Rozier,540
Jodie Meeks,539
Kendall Gill,537
Clint Capela,536
Voshon Lenard,535
Tyus Jones,535
Gerald Henderson,535
JJ Hickson,534
Maurice Taylor,534
Trevor Booker,532
Devin Booker,530
Eddy Curry,527
Dan Gadzuric,527
Kelly Oubre Jr.,527
Fred Hoiberg,526
Glenn Robinson,526
Hakim Warrick,526
Rod Strickland,525
John Stockton,524
Trey Lyles,523
Bobby Portis,523
Aron Baynes,522
Brian Scalabrine,520
Roger Mason Jr.,518
Ryan Hollins,518
Troy Hudson,517
Gary Harris,516
Kenny Anderson,516
Andris Biedrins,516
Montrezl Harrell,515
Dewayne Dedmon,515
Andres Nocioni,514
Glen Davis,514
Carl Landry,513
Otto Porter Jr.,512
Reggie Bullock,512
Karl-Anthony Towns,511
Hassan Whiteside,511
Jason Kapono,509
Cody Zeller,509
Carlos Delfino,507
Kerry Kittles,507
Shawn Kemp,507
Josh Howard,507
Ryan Bowen,506
Scot Pollard,506
Jordan Farmar,504
Victor Oladipo,504
Darrell Arthur,503
Josh Richardson,503
Ronnie Brewer,502
Erick Strickland,501
Avery Johnson,500
Michael Olowokandi,500
Elfrid Payton,500
Jannero Pargo,499
Trey Burke,498
Tony Massenburg,496
Darius Songaila,495
Mike Muscala,495
D'Angelo Russell,495
Domantas Sabonis,494
Anthony Parker,494
Chris Whitney,493
Myles Turner,493
Royal Ivey,492
Joel Anthony,490
Joe Harris,488
Jakob Poeltl,488
Ryan Gomes,487
Flip Murray,487
Yao Ming,486
Sean Rooks,485
Marcus Thornton,483
Horace Grant,482
Norman Powell,481
Brandon Rush,481
Jeremy Lin,480
Matthew Dellavedova,479
Malik Allen,478
Kenneth Faried,478
Pat Connaughton,478
Adrian Griffin,477
Ronny Turiaf,473
Charles Oakley,473
Johan Petro,473
Francisco Elson,472
Kyle O'Quinn,472
Scottie Pippen,471
Jumaine Jones,471
Omer Asik,471
Pascal Siakam,471
Jaylen Brown,470
Milt Palacio,470
Darko Milicic,468
Nerlens Noel,467
Steve Novak,467
Spencer Dinwiddie,466
Bobby Simmons,466
Devin Brown,465
Anfernee Hardaway,463
Anthony Mason,463
Jusuf Nurkic,463
Delon Wright,461
Iman Shumpert,461
Larry Nance Jr.,461
Dorian Finney-Smith,460
Alvin Williams,460
Matt Carroll,459
Glen Rice,459
Danny Ferry,458
Quinton Ross,458
Meyers Leonard,456
Shelvin Mack,456
Brian Cardinal,456
Timofey Mozgov,454
Mark Madsen,453
Corie Blount,452
Langston Galloway,452
Brandon Knight,451
Jake Voskuhl,450
Stanley Johnson,449
Nemanja Bjelica,449
Kevon Looney,449
Tom Gugliotta,449
Scott Padgett,448
Rodney Hood,448
Solomon Hill,448
Marko Jaric,447
Royce O'Neale,446
Darius Miles,446
Michael Kidd-Gilchrist,446
John Henson,445
Samaki Walker,445
Moochie Norris,445
Walt Williams,442
Chandler Parsons,440
Danny Fortson,440
Jayson Tatum,439
Seth Curry,438
Robert Traylor,438
Gary Trent,437
Chris Mihm,436
Juan Dixon,436
Ivica Zubac,436
Sam Mitchell,435
Raul Neto,435
P.J. Tucker,434
Jamal Mashburn,434
Terry Porter,434
Josh McRoberts,433
Scott Williams,433
Davis Bertans,432
Delonte West,432
Ron Mercer,432
Bryn Forbes,431
Fred Jones,430
David Robinson,430
T.J. Ford,429
Lou Amundson,428
Derrick Williams,428
Tyler Hansbrough,428
Brandan Wright,428
Jarvis Hayes,427
DeJuan Blair,424
Taurean Prince,424
Hubert Davis,423
Kevin Seraphin,423
Derrick Coleman,422
Willie Cauley-Stein,422
Darrick Martin,421
Brian Shaw,421
Brian Cook,420
Dion Waiters,419
Nenad Krstic,419
Richaun Holmes,418
Bam Adebayo,418
Andrew Bynum,418
PJ Tucker,418
Malik Beasley,417
Darvin Ham,417
Tim Hardaway,417
Fred VanVleet,417
Johnny Newman,417
Alonzo Gee,417
Marcus Morris,416
Michael Ruffin,414
Tyler Zeller,414
Brandon Ingram,413
Donovan Mitchell,413
Frank Kaminsky,413
Dario Saric,413
LaPhonso Ellis,412
Jamal Murray,410
Chris Childs,410
Etan Thomas,409
Jarrett Allen,409
Tracy Murray,409
Jordan Hill,409
Linas Kleiza,409
Cherokee Parks,408
Shannon Brown,408
Chase Budinger,407
Kyle Kuzma,406
Jason Caffey,405
Danny Manning,405
Cedi Osman,404
Steve Kerr,403
Craig Smith,403
Kristaps Porzingis,402
Tyrus Thomas,402
Greivis Vasquez,401
Malcolm Brogdon,400
Steven Hunter,400
Tyrone Hill,400
Lance Thomas,399
George McCloud,398
Daniel Gibson,397
Arvydas Sabonis,397
De'Aaron Fox,395
Michael Carter-Williams,395
Greg Anthony,395
James Ennis III,395
Joel Embiid,394
Toney Douglas,394
Dejounte Murray,394
Mikal Bridges,392
Caris LeVert,392
Josh Childress,391
Tomas Satoransky,388
Lavoy Allen,388
Marc Jackson,387
John Starks,387
Malik Monk,386
Gordan Giricek,384
Ekpe Udoh,384
Monty Williams,384
Bimbo Coles,383
Georges Niang,383
Luke Babbitt,381
Jud Buechler,381
Allen Crabbe,381
John Wallace,381
Ira Newble,380
A.C. Green,379
Torrey Craig,379
Jon Leuer,377
Mitch Richmond,376
Joey Graham,376
Charlie Bell,376
Melvin Ely,375
Mookie Blaylock,373
Josh Hart,372
Travis Knight,371
Grant Long,370
Bogdan Bogdanovic,370
Marcus Morris Sr.,367
Calvin Booth,366
Chris Gatling,365
Olden Polynice,365
John Collins,364
Maxi Kleber,363
Noah Vonleh,362
Shelden Williams,361
Will Bynum,360
Norris Cole,360
Dean Garrett,359
Jerome James,357
Greg Foster,356
Dell Curry,356
Luke Kennard,356
Kyle Singler,356
Quincy Pondexter,355
Patrick Ewing,355
Sam Perkins,355
Tiago Splitter,355
Tyler Johnson,354
Trae Young,353
Keon Clark,353
Sergio Rodriguez,353
Gary Neal,352
Bruce Brown,349
Kevin Huerter,349
Luther Head,348
Marcus Banks,348
Lauri Markkanen,348
Kareem Rush,346
Miles Plumlee,346
Dillon Brooks,345
Terrell Brandon,345
Jalen Brunson,345
Shabazz Napier,345
Mario Elie,345
Derrick White,345
Derrick Jones Jr.,344
Justise Winslow,344
Willy Hernangomez,344
DerMarr Johnson,344
Dan Majerle,343
Nik Stauskas,343
Dominic McGuire,342
Monte Morris,342
Primoz Brezec,342
Ike Austin,341
Jason Hart,341
Cole Aldrich,339
Troy Daniels,339
Juancho Hernangomez,339
Hakeem Olajuwon,338
Rick Brunson,337
Quincy Acy,337
Fabricio Oberto,336
Jahidi White,334
Speedy Claxton,334
Hersey Hawkins,334
Isaiah Rider,334
Don Reid,333
Larry Johnson,330
Alan Anderson,330
Mario Hezonja,330
Luka Doncic,330
Ian Clark,330
Chris Mills,329
Daequan Cook,328
Randy Brown,328
Timothe Luwawu-Cabarrot,328
Cameron Payne,327
Matt Bullard,327
Brandon Roy,326
Eric Montross,326
Shammond Williams,325
Mirza Teletovic,324
Chris Dudley,324
Ron Harper,320
Nikola Mirotic,319
Bryant Reeves,318
Lawrence Funderburke,318
Aaron Gray,318
Bostjan Nachbar,317
Boban Marjanovic,317
Ben Simmons,317
Rodney McGruder,317
Frank Ntilikina,316
Dana Barros,316
Ime Udoka,316
Josh Powell,316
Josh Okogie,316
Adam Keefe,315
Jake Tsakalidis,315
Brian Roberts,314
Shawne Williams,314
Thomas Robinson,313
Devonte' Graham,313
Daniel Theis,313
De'Anthony Melton,312
Shai Gilgeous-Alexander,311
Jabari Parker,310
Jaren Jackson,310
Elliot Perry,309
Aaron Holiday,308
Vinny Del Negro,308
Andre Roberson,307
Chris Boucher,307
Popeye Jones,306
Lee Nailon,306
Michael Jordan,306
Rondae Hollis-Jefferson,305
Jevon Carter,304
Glenn Robinson III,304
Deandre Ayton,303
Eddie Griffin,303
Otis Thorpe,302
Chucky Brown,302
Emmanuel Mudiay,302
Michael Smith,302
Landry Shamet,302
Bryant Stith,302
OG Anunoby,301
Dan Dickau,300
Rodney Carney,299
Antoine Wright,297
Troy Brown Jr.,297
Al Thornton,296
DeAndre' Bembry,296
Mark Bryant,295
Matt Maloney,295
Dion Glover,294
Furkan Korkmaz,293
Alexis Ajinca,293
Austin Daye,293
Alex Caruso,292
Detlef Schrempf,292
Marquese Chriss,292
Hilton Armstrong,292
Miles Bridges,291
Josh Jackson,291
Damion Lee,290
Mitchell Robinson,289
Tim Frazier,289
Marcus Fizer,289
Christian Wood,289
Grant Williams,288
Jeff Hornacek,287
Casey Jacobsen,287
Jamario Moon,286
Michael Stewart,286
Andrew Nicholson,285
Semi Ojeleye,284
Khem Birch,282
Duncan Robinson,281
Jordan Crawford,281
Solomon Jones,281
Matt Geiger,281
Jerian Grant,279
Shabazz Muhammad,278
Predrag Drobnjak,278
Justin Jackson,278
Chris Mullin,278
Eddie Robinson,278
Mark Strickland,277
Nick Anderson,276
Mo Bamba,275
Kevin Knox II,275
Smush Parker,274
Anfernee Simons,273
Donte DiVincenzo,273
Billy Owens,272
Yi Jianlian,272
Nikola Pekovic,271
Darius Miller,271
RJ Barrett,271
Malik Sealy,270
Dennis Smith Jr.,270
Vladimir Stepania,270
Gary Trent Jr.,270
Pablo Prigioni,270
Terance Mann,270
Jared Sullinger,269
Coby White,269
Sterling Brown,268
Sherman Douglas,268
Eric Maynor,267
Jaren Jackson Jr.,267
Kris Dunn,267
Matisse Thybulle,267
Jim McIlvaine,266
Collin Sexton,266
John Amaechi,266
Jordan Poole,266
Tyrone Corbin,265
Hollis Thompson,265
Grayson Allen,264
Robert Pack,264
Lonnie Walker IV,264
Hamidou Diallo,263
Thon Maker,263
Dee Brown,262
Slava Medvedenko,262
Jonathan Bender,262
Will Perdue,261
Earl Clark,261
AJ Price,261
Jelani McCoy,260
P.J. Washington,260
Wendell Carter Jr.,260
Cedric Henderson,260
Derrick McKey,259
Danuel House Jr.,259
Yogi Ferrell,259
Jonathon Simmons,258
Doug Overton,256
Josh Boone,256
Shane Larkin,256
Denzel Valentine,256
Tyrone Nesby,255
Landry Fields,255
Shake Milton,254
John Crotty,254
Donte Greene,253
Rik Smits,253
Moritz Wagner,253
Kenrich Williams,253
Luc Longley,253
Anthony Randolph,252
Chris Crawford,252
Lonzo Ball,252
Cristiano Felicio,252
Svi Mykhailiuk,252
Dale Ellis,251
Donatas Motiejunas,251
Tom Hammonds,250
Jeremy Evans,250
Darius Garland,250
Vernon Maxwell,250
Dennis Scott,249
Felipe Lopez,249
Sam Young,249
Rudy Fernandez,249
Rashad McCants,249
Drew Eubanks,248
Ja Morant,248
Scott Burrell,247
Cory Alexander,247
Daniel Gafford,247
James Anderson,247
Isaiah Hartenstein,247
Jiri Welsch,247
Jahlil Okafor,247
Jerome Kersey,246
Armen Gilliam,246
Zach Collins,245
Dante Exum,245
Muggsy Bogues,245
Naz Reid,245
Jarred Vanderbilt,244
Cartier Martin,243
Felton Spencer,243
Bryce Drew,243
James Singleton,243
Jake Layman,243
Justin Anderson,242
John Lucas III,242
Tyler Herro,242
Chris Quinn,241
Jaxson Hayes,241
Jimmer Fredette,241
Damian Jones,240
Leon Powe,239
Stephen Graham,239
Pete Chilcutt,238
Larry Sanders,238
Brandon Clarke,237
David Nwaba,237
Chris Carr,237
Ryan Arcidiacono,237
Jeff Ayres,237
JaKarr Sampson,236
Tariq Abdul-Wahad,236
Isaiah Canaan,235
Terrence Jones,234
DJ Mbenga,234
Michael Sweetney,233
Mike Wilks,233
Derek Strong,232
Julian Wright,231
Keita Bates-Diop,230
Rodney Buford,230
Eldridge Recasner,230
Sean Marks,230
Thomas Bryant,229
Saddiq Bey,229
Darius Bazley,228
Oliver Miller,228
Terence Davis,227
Emanual Davis,226
Terry Mills,226
Wes Iwundu,226
Ike Diogu,225
Todd Fuller,225
Cameron Johnson,225
Hasheem Thabeet,224
Anthony Goldwire,224
Keldon Johnson,224
Rex Chapman,224
Loy Vaught,223
Anthony Edwards,223
Reggie Slater,223
Todd MacCulloch,223
Immanuel Quickley,223
Chris Douglas-Roberts,222
T.J. Warren,221
Renaldo Balkman,221
Tarik Black,220
Reggie Williams,219
Cedric Ceballos,219
Chris Johnson,218
Donald Sloan,218
Rodney White,218
Luke Kornet,217
Nickeil Alexander-Walker,217
Marcus Williams,216
Zeljko Rebraca,215
Loren Woods,215
Frank Jackson,214
Luguentz Dort,213
Damyean Dotson,213
Deni Avdija,212
Jaden McDaniels,212
Michael Dickerson,212
Kirk Snyder,211
Isaac Okoro,210
Rui Hachimura,210
Robert Williams III,209
Chimezie Metu,209
Joffrey Lauvergne,208
Dickey Simpkins,208
Marvin Bagley III,208
John Thomas,208
Kelenna Azubuike,208
Dwayne Bacon,207
Jeff Withey,207
John Konchar,206
De'Andre Hunter,206
Kenyon Martin Jr.,206
Donnell Harvey,205
Brent Price,204
Terrance Ferguson,204
Salah Mejri,204
Randy Livingston,203
Greg Stiemsma,203
Caleb Martin,202
Abdel Nader,202
Bobby Phills,202
Desmond Bane,202
Garrison Mathews,201
Obi Toppin,201
Sam Dekker,201
Jamie Feick,201
MarShon Brooks,200
Von Wafer,200
Keith McLeod,200
Patrick McCaw,199
Vonteego Cummings,199
Jalen McDaniels,198
Talen Horton-Tucker,196
Tyrese Maxey,196
Kevin Porter Jr.,196
Sean Elliott,196
Gabe Vincent,195
Carlos Rogers,193
Kendrick Nunn,193
Nassir Little,192
Brad Wanamaker,191
Juan Toscano-Anderson,191
Terry Cummings,191
Markelle Fultz,191
Tyrese Haliburton,191
Harvey Grant,190
Robert Sacre,189
Joe Dumars,189
Max Strus,189
David Harrison,189
Isaiah Stewart,189
Mardy Collins,189
Precious Achiuwa,189
Byron Mullens,189
Sam Mack,188
Quinn Cook,188
Acie Law,188
Michael Porter Jr.,187
Yakhouba Diawara,187
Antoine Carr,187
Eddie Gill,187
Courtney Alexander,187
Goga Bitadze,187
Dragan Bender,187
Derek Harper,186
Javonte Green,186
Tyler Ennis,186
Jordan McLaughlin,186
Payton Pritchard,185
Xavier Henry,185
Jaylen Nowell,184
Jarell Martin,184
Charles Barkley,183
Cheick Diallo,183
Sonny Weems,183
Alfonzo McKinnie,182
Alexey Shved,182
Rodrigue Beaubois,182
Amir Coffey,181
Henry Walker,181
Michael Cage,181
Shaquille Harrison,180
Treveon Graham,180
Tony Bradley,179
Travis Diener,179
Jae'Sean Tate,179
Yuta Watanabe,179
Cody Martin,178
Onyeka Okongwu,178
DeAndre Liggins,177
Terry Dehere,176
James Robinson,176
Todd Day,175
B.J. Armstrong,174
Alex Abrines,174
Tre Jones,174
Mark Davis,173
Michael Bradley,173
Cam Reddish,173
Doug West,173
Oshae Brissett,172
Nikoloz Tskitishvili,172
Cole Anthony,172
Aaron Nesmith,171
John Jenkins,171
Chris Copeland,171
Devin Vassell,171
Derrick Brown,171
Chris Morris,171
Dennis Rodman,170
Patrick Williams,170
Gary Clark,170
Dean Wade,170
Festus Ezeli,170
Isaiah Joe,169
Killian Hayes,168
Lee Mayberry,168
Qyntel Woods,167
Mateen Cleaves,167
Josh Green,166
Blue Edwards,166
Archie Goodwin,165
Lamar Stevens,165
Hot Rod Williams,164
Gary Payton II,164
Thanasis Antetokounmpo,164
Naji Marshall,164
Rex Walters,163
Jonny Flynn,163
Ryan Kelly,163
LaMelo Ball,162
Mario West,162
Jan Vesely,162
Lonny Baxter,162
R.J. Hampton,162
Adam Morrison,161
Charles Smith,161
Carl Herrera,161
Jordan Bell,161
Edmond Sumner,161
Theo Maledon,160
Sindarius Thornwell,160
Kendall Marshall,160
J.R. Reid,160
Khalid Reeves,159
Quincy Lewis,159
Franz Wagner,159
Bruno Fernando,158
Duane Causwell,158
Eric Paschall,158
Bobby Brown,158
Ty Jerome,157
Ronald Dupree,157
Sean Kilpatrick,157
Keith Askins,157
Ayo Dosunmu,157
Salim Stoudamire,157
Mark West,156
Davion Mitchell,155
Chris Anstey,155
Gerald Wilkins,155
Hanno Mottola,155
Jordan Nwora,154
Ray McCallum,154
Bill Wennington,154
Mark Pope,153
Terrence Williams,153
TJ Warren,153
Jeff Adrien,153
Evan Eschmeyer,153
Corey Benjamin,152
Walter Herrmann,152
Willie Reed,152
Hamed Haddadi,151
Jason Collier,151
Anthony Bennett,151
Joel Freeland,151
Isaiah Roby,151
Corey Kispert,151
David Wingate,151
Linton Johnson,151
Jordan Hamilton,151
Scottie Barnes,151
Zarko Cabarkapa,150
Mitchell Butler,150
Jon Brockman,150
Andrew Lang,149
Eric Murdock,149
Greg Smith,149
Evan Mobley,148
Skal Labissiere,148
Chris Singleton,148
Chuck Person,148
Phil Pressey,148
KJ McDaniels,148
Zoran Planinic,148
Johnny O'Bryant III,147
Mahmoud Abdul-Rauf,147
Jonathan Isaac,147
Alperen Sengun,147
Jalen Smith,146
Tyus Edney,146
Damjan Rudez,146
D.J. Wilson,146
Shavlik Randolph,146
Mickael Gelabale,145
Andrew Harrison,145
Wenyen Gabriel,145
Tony Wroten,145
Jerome Moiso,145
Malachi Flynn,144
Jarrett Culver,144
Herbert Jones,144
Isaac Bonga,143
Jalen Green,143
Kedrick Brown,143
Perry Jones III,143
Obinna Ekezie,143
Quincy Douby,143
Joe Kleine,143
Viktor Khryapa,143
Zan Tabak,143
Harry Giles III,142
Cal Bowdler,142
Chuma Okeke,142
William Avery,142
Romeo Langford,141
Trey Murphy III,141
Lucas Nogueira,141
Richie Frahm,140
Earl Barron,140
Junior Harrington,140
Rony Seikaly,139
Rashad Vaughn,139
Terence Morris,139
Reggie Jordan,139
Pooh Richardson,139
Rafael Araujo,139
DJ White,138
Dan Schayes,138
Josh Christopher,138
Darnell Jackson,138
Facundo Campazzo,138
Sarunas Jasikevicius,138
Jonathan Kuminga,137
Sean Williams,137
Wang Zhi-zhi,137
Roy Rogers,137
Jayson Williams,136
Justin Reed,136
Zeke Nnaji,136
Greg Minor,136
Bison Dele,136
Laron Profit,135
Gustavo Ayon,135
Henry Sims,135
Kyrylo Fesenko,135
Jermaine Jackson,135
Tierre Brown,134
Dan Langhi,133
Paul Reed,133
Nick Richards,133
Mark Price,133
Zendon Hamilton,133
Tyler Ulis,133
Brandon Goodwin,133
Greg Anderson,132
Darius Morris,132
Clyde Drexler,132
Jeffery Taylor,132
Rodions Kurucs,131
Orien Greene,131
Vlatko Cancar,130
Terry Davis,130
Eddie Johnson,130
Joey Dorsey,130
Keith Closs,130
Josh Giddey,130
Anthony Gill,129
Nick Calathes,129
Moses Brown,128
Bernard Robinson,128
Pat Burke,127
Theo Pinson,127
Joe Young,127
Tre Mann,127
Daniel Ewing,127
Wayne Selden,127
Ansu Sesay,127
Malcolm Delaney,127
Matt Thomas,126
Gerard King,126
David Benoit,126
Kevin Johnson,126
Austin Reaves,125
Ivan Johnson,125
Bones Hyland,125
Cam Thomas,124
Bol Bol,123
Nic Claxton,123
Jordan McRae,123
Jock Landale,123
Daniel Santiago,122
Davon Reed,122
Stojko Vrankovic,120
Xavier Tillman,120
Aaron Wiggins,120
Duane Ferrell,120
Nando De Colo,119
Trajan Langdon,119
Sean May,119
Chasson Randle,119
Quentin Grimes,117
Kevin Edwards,117
Joe Wolf,116
Will Solomon,115
Moses Moody,115
Jose Alvarado,115
Buck Williams,115
Mark Hendrickson,114
Zion Williamson,114
Amal McCaskill,114
Sundiata Gaines,113
Markel Brown,113
Jerome Robinson,113
Pero Antic,113
Trent Forrest,113
Javaris Crittenton,113
Raul Lopez,113
Justin Hamilton,113
Roshown McLeod,113
Ante Zizic,113
Tyrone Wallace,112
Gary Forbes,111
Oleksiy Pecherov,111
PJ Hairston,111
James Michael McAdoo,111
TJ Leaf,111
Bobby Hurley,110
Trendon Watford,110
Saben Lee,110
Charles Jenkins,110
Shawn Respert,110
Tarence Kinsey,109
Elliot Williams,109
Samardo Samuels,109
Santi Aldama,109
Kornel David,109
Nathan Knight,108
Jabari Smith,108
Anthony Miller,108
Elie Okobo,108
Admiral Schofield,108
Brandon Armstrong,108
Tyler Dorsey,107
Deyonta Davis,107
Adreian Payne,107
Sam Hauser,106
Shawnelle Scott,105
Nicolo Melli,105
Greg Oden,105
Bruno Caboclo,105
Ish Wainright,105
Maceo Baston,105
Jeremy Tyler,104
Miles McBride,104
Gheorghe Muresan,104
Eric Washington,104
Orlando Johnson,103
Dajuan Wagner,103
Frank Mason,103
Kira Lewis Jr.,103
Tremaine Fowlkes,103
PJ Dozier,103
Lorenzo Brown,103
Stanley Roberts,103
Chandler Hutchison,103
David Andersen,103
Bruno Sundov,102
Alexander Johnson,102
Brian Evans,102
Marty Conlon,102
JT Thor,102
Jalen Suggs,101
Reggie Geary,101
Chris Duarte,101
Tony Farmer,101
Doron Lamb,100
Ivano Newbill,100
J.R. Bremer,100
Ricky Pierce,99
Isaiah Jackson,99
Ziaire Williams,99
Usman Garuba,99
Rusty LaRue,98
KZ Okpala,98
Robbie Hummel,98
Art Long,98
Paul Zipser,98
Donell Taylor,98
Brooks Thompson,97
Rick Mahorn,97
Robert Swift,97
Ron Baker,96
Kelan Martin,96
Sekou Doumbouya,96
James Young,95
Dalano Banton,95
Dalibor Bagaric,95
Omari Spellman,95
Sergey Karasev,95
Bill Curley,94
Manny Harris,93
Olumide Oyedeji,93
Donald Royal,93
Jericho Sims,93
Bernard James,92
Jalen Johnson,92
Jeremiah Robinson-Earl,92
Chris Chiozza,91
Darrun Hilliard,91
Marquis Teague,91
Bobby Jones,90
Diante Garrett,90
Jawad Williams,90
Patrick O'Bryant,90
Antonio Lang,90
Dominique Wilkins,90
Isaiah Whitehead,89
Marcus Haislip,89
Anthony Lamb,88
Allonzo Trier,88
CJ Elleby,88
Don MacLean,87
Lawrence Roberts,87
Jackson Vroman,87
Frank Williams,86
Jeremy Pargo,86
Charles R. Jones,85
Ryan Humphrey,85
David Vaughn,85
Donny Marshall,85
Ivan Rabb,85
Roko Ukic,85
Mychal Mulder,84
James Wiseman,84
Dylan Windler,84
Kessler Edwards,84
Sandro Mamukelashvili,84
Nolan Smith,84
Nate Wolters,84
Jared Cunningham,84
Henry Ellenson,83
DaJuan Summers,83
Curtis Borchardt,83
Corey Beck,83
Eric Moreland,83
Martin Muursepp,83
Tony Smith,82
Xavier McDaniel,82
Derrick Dial,82
Paul Davis,82
Tari Eason,82
Maurice Ager,82
Dwayne Jones,82
Oscar Torres,82
Juan Carlos Navarro,82
Jeryl Sasser,82
Daishen Nix,81
Henry James,81
Scott Brooks,81
Antonio Burks,81
A.J. Guyton,80
DeJuan Wheat,80
Miye Oni,80
Keegan Murray,80
Victor Claver,80
Day'Ron Sharpe,80
Dominique Jones,80
Shaedon Sharpe,80
Byron Scott,79
Duane Washington Jr.,79
Jabari Smith Jr.,79
Aleksej Pokusevski,79
Haywood Highsmith,78
Bennedict Mathurin,78
Brandon Davies,78
Pervis Ellison,78
Keon Johnson,77
Marcelo Huertas,76
Cade Cunningham,76
Chris Robinson,76
Jerome Allen,76
Pape Sow,76
Alize Johnson,76
Tim Legler,76
Josh Huestis,76
Antonio Blakeney,76
Christian Braun,76
Cedric Simmons,75
Kenny Satterfield,75
Josh Harrellson,75
Mike Batiste,75
Jalen Williams,75
Caleb Swanigan,75
Lawrence Moten,75
Andre Brown,75
Andrew Nembhard,75
Jay Williams,75
Michael Hawkins,75
Guerschon Yabusele,74
Priest Lauderdale,74
Randolph Morris,74
Walker Kessler,74
Jaden Ivey,74
Jorge Garbajosa,74
Eric Riley,74
Armoni Brooks,74
Deonte Burton,73
Alton Ford,73
Toby Bailey,73
Luke Jackson,73
Hassan Adams,73
Kyle Weaver,73
Vincent Askew,73
Jamal Sampson,72
Lazar Hayward,72
Carsen Edwards,72
Mario Kasun,72
Rodrick Rhodes,72
AJ Griffin,72
Chris Jefferies,72
Justin James,72
Paolo Banchero,72
Troy Williams,72
Reece Gaines,71
Isaiah Taylor,71
Isaiah Livers,71
Larry Stewart,70
Chris Silva,70
Julyan Stone,70
David Roddy,70
Chris Herren,70
Chris Richard,70
Luke Harangody,70
Brett Szabo,70
Esteban Batista,70
Malachi Richardson,70
Jackie Butler,69
Mamadou N'diaye,69
Mindaugas Kuzminskas,69
Elijah Millsap,69
Semih Erden,69
Kostas Papanikolaou,69
Haywoode Workman,69
Quincy Miller,69
Udoka Azubuike,68
Loren Meyer,68
Travis Wear,68
Markus Howard,68
David Noel,68
Sam Jacobson,68
Sharone Wright,67
Brandon Hunter,67
Jalen Duren,67
Kai Jones,67
Andre Barrett,67
James White,67
Litterial Green,67
O.G. Anunoby,67
Joe Alexander,67
Skylar Mays,67
Josh Davis,67
Alan Williams,67
Lindy Waters III,66
Tamar Slay,66
Malaki Branham,66
CJ Wilcox,66
Tyler Cook,65
Jermaine Taylor,65
Omer Yurtseven,65
John Edwards,65
Jerome Jordan,65
James Bouknight,65
Anthony Roberson,65
Ed O'Bannon,64
George Zidek,64
Brandon Paul,64
Jordan Mickey,64
Jordan Goodwin,64
Ignas Brazdeikis,64
Semaj Christon,64
Terry Taylor,64
Greg Brown III,64
Maciej Lampe,64
Devin Ebanks,63
DeQuan Jones,63
Rawle Marshall,63
Pooh Jeter,62
Stephen Howard,62
Malik Hairston,62
Craig Ehlo,62
Carl Thomas,62
Gabe Pruitt,62
Kevin Gamble,62
Pops Mensah-Bonsu,61
Donta Smith,61
Lavor Postell,61
Tyshawn Taylor,61
Alekesej Pokusevski,61
Alton Lister,60
Milos Teodosic,60
Ben Uzoh,60
Ed Gray,60
Luka Garza,60
Chris Hunter,60
Awvee Storey,60
Drew Barry,60
Chris McCullough,59
Vincent Yarbrough,59
Gary Grant,59
Arnett Moultrie,59
Ochai Agbaji,59
Ryan Broekhoff,59
Vit Krejci,59
Dyson Daniels,59
Jacob Evans,59
Nicolas Brussino,58
Kay Felder,58
Charles Bassey,58
Juaquin Hawkins,58
Cory Jefferson,58
Christian Koloko,58
Ray Owes,57
Lester Hudson,57
Jabari Walker,56
Toure' Murry,56
Cleanthony Early,56
Mike Penberthy,56
Sasha Danilovic,56
Jeremy Sochan,56
Jawun Evans,56
Wade Baldwin IV,56
Nate McMillan,55
Gigi Datome,55
Mfiondu Kabengele,55
Paul McPherson,55
Andre Owens,54
Jerald Honeycutt,54
Herb Williams,54
Jamison Brewer,54
Mike Harris,54
Elijah Hughes,54
Johnny Taylor,54
Anthony Avent,54
Rumeal Robinson,54
Killian Tillie,54
Joshua Primo,54
Xavier Tillman Sr.,53
Wayman Tisdale,53
Billy Thomas,53
Kyle Guy,53
Malcolm Miller,53
Miroslav Raduljica,53
Theron Smith,53
C.J. Williams,53
Alex Poythress,52
Simone Fontecchio,52
Erick Green,52
Mitch McGary,52
Juwan Morgan,52
MarJon Beauchamp,52
Jermareo Davidson,52
Yinka Dare,51
Alando Tucker,51
Jonah Bolden,51
Brandon Boston,51
Mike Taylor,51
Wayne Simien,51
Christian Eyenga,51
Daniel Orton,51
Chris Porter,51
Caleb Houstan,51
Khalid El-Amin,50
Dontonio Wingfield,50
Tyler Cavanaugh,50
Dexter Pittman,50
Dzanan Musa,49
Dwight Buycks,49
Shane Heal,49
Justin Williams,49
Mamadi Diakite,49
Mario Bennett,49
Jaylin Williams,49
Andrew Goudelock,49
Leandro Bolmaro,49
Kenny Smith,48
Jaden Hardy,48
Keljin Blevins,48
Charles O'Bannon,48
Jared Butler,48
Clifford Rozier,48
Mouhamed Sene,47
Travis Williams,47
Marcus Georges-Hunt,47
Armon Johnson,47
Nicolas Claxton,47
Jorge Gutierrez,47
Acie Earl,47
Allan Ray,47
DaQuan Jeffries,47
Soumaila Samake,47
Kadeem Allen,47
Johnathan Motley,46
Ha Ha,46
Chris Garner,46
Jared Reiner,46
Adrian Caldwell,46
Paul Watson,46
Antonio Harvey,46
Bryce McGowens,46
Mengke Bateer,46
David Wood,46
David Duke Jr.,45
Nathan Jawai,45
Keith Booth,45
Tornike Shengelia,45
Ky Bowman,45
Briante Weber,45
Sean Lampley,45
Derrick Walton Jr.,45
RJ Hunter,45
Viacheslav Kravtsov,45
Jeremy Richardson,45
John Salley,45
Eugene Omoruyi,44
Okaro White,44
Devyn Marble,44
Ruben Boumtje-Boumtje,44
Cory Higgins,44
Brodric Thomas,44
Robert Archibald,44
Marko Milic,44
Marko Guduric,44
Ryan Stack,43
Mark Williams,43
Thurl Bailey,43
Luka Samanic,43
Tim James,43
Justin Robinson,43
Robert Parish,43
Dragan Tarlac,43
Jordan Williams,43
Cory Carr,42
Matt Freije,42
Ledell Eackles,42
Terrel Harris,42
Igor Rakocevic,42
Larry Robinson,42
Brandon Williams,42
Quinndary Weatherspoon,42
Lionel Simmons,41
Lorenzo Williams,41
Furkan Aldemir,41
Lynn Greer,41
Charlie Brown Jr.,41
Sam Merrill,41
Jarrell Brantley,41
Rafael Addison,41
Derrick Caracter,41
Anthony Brown,41
Travis Hansen,41
Ruben Wolkowyski,41
Kim English,41
Max Christie,41
Justin Champagnie,41
Jaylen Adams,41
Willie Burton,40
Andrae Patterson,40
Lamar Patterson,40
Malcolm Thomas,40
Tremont Waters,40
Ben Davis,40
Norvel Pelle,40
Greg Dreiling,40
Rob Kurz,40
Kevin Burleson,39
Kevin Salvadori,39
Ousmane Dieng,39
Johnathan Williams,39
Khyri Thomas,39
Damion James,39
Rayjon Tucker,39
Damone Brown,39
Jaylen Hoard,39
Isaiah Briscoe,39
Bubba Wells,39
Georgios Papagiannis,39
Ben Handlogten,38
J.R. Giddens,38
Joe Wieskamp,38
Morris Almond,38
Dalen Terry,38
Pepe Sanchez,38
Josh Selby,38
Kobi Simmons,38
Harold Jamison,37
Jarvis Varnado,37
Ognjen Kuzmic,37
Vernon Carey Jr.,37
Sean Singletary,37
Vitor Faverani,37
Blake Wesley,37
James Nunnally,37
Othyus Jeffers,37
Tacko Fall,37
Charles Jones,36
Devontae Cacok,36
JaJuan Johnson,36
Cameron Bairstow,36
Mark Bradtke,36
Lionel Chalmers,36
Reggie Perry,36
Kennedy Chandler,36
Malcolm Lee,36
Mason Jones,36
Jack Haley,36
Matt Ryan,35
Gal Mekel,35
AJ Green,35
Jake LaRavia,35
Enes Freedom,35
Steve Hamer,35
Efthimios Rentzias,35
Chris Wright,35
Aaron Harrison,35
Dean Oliver,35
T.J. Leaf,35
Jarell Eddie,34
Kevon Harris,34
Greg Graham,34
Yaroslav Korolev,34
Daniel Oturu,33
Gerald Brown,33
DJ Strawberry,33
Hamady Ndiaye,33
Chris Clemons,33
Axel Toupane,33
James Thomas,33
Cassius Stanley,33
Jalen Jones,32
Jahmi'us Ramsey,32
Vincent Poirier,32
Kyle Collinsworth,32
McKinley Wright IV,32
Melvin Frazier Jr.,32
Kevin Jones,32
Charles Shackleford,32
Maurice Ndour,32
John Long,32
Jordan Adams,32
Keifer Sykes,32
Patrick Baldwin,31
Olivier Sarr,31
Dakari Johnson,31
Orlando Robinson,31
Kiwane Garris,31
Dwayne Schintzius,31
Vassilis Spanoulis,31
Tony Dumas,31
Jeff Trepagnier,31
TyTy Washington Jr.,31
Luke Schenscher,31
Ashraf Amaya,31
Dionte Christmas,31
Rakeem Christmas,30
Jeff Grayer,30
Donald Whiteside,30
Amile Jefferson,30
Alex Acker,30
J.R. Henderson,30
Damir Markota,30
Nico Mannion,30
Sheldon Mac,30
Maalik Wayns,29
Cassius Winston,29
Wendell Moore Jr.,29
Freddie Gillespie,29
Alen Smailagic,29
Marshall Plumlee,29
Ben Hansbrough,28
Willie Anderson,28
Horacio Llamas,28
Lloyd Daniels,28
Antonis Fotsis,28
Antonius Cleveland,28
Anzejs Pasecniks,28
Eric Mobley,28
Randell Jackson,28
Jarnell Stokes,28
Devon Dotson,28
Ricky Ledo,28
Walker Russell,28
Dominick Barlow,28
Johnny Davis,28
Nick Johnson,28
Micheal Williams,27
Benoit Benjamin,27
Steve Henson,27
Russ Smith,27
Marcus Brown,27
Louis King,27
Jaron Blossomgame,27
Harold Ellis,27
Kirk Haston,27
Tracy Moore,27
James Augustine,27
Devin Green,27
Ed Pinckney,27
Devin Gray,27
Anthony Bowie,27
Shayne Whittington,27
Erick Barkley,27
Predrag Savovic,27
LaSalle Thompson,26
Tyler Lydon,26
Kevin Duckworth,26
Richard Manning,26
Solomon Alabi,26
Lindell Wigginton,26
Demetrius Jackson,26
Bracey Wright,26
Marcus Vinicius,26
Mickell Gladness,26
Sergei Monia,26
Britton Johnsen,26
Nick Fazekas,26
Jamie Watson,26
Etdrick Bohannon,26
Josh Magette,26
John Holland,25
Robert Woodard II,25
Mustafa Shakur,25
Sasha Kaun,25
Jeff Dowtin Jr.,25
Tim Young,25
Lari Ketner,25
Dino Radja,25
Daniel Hamilton,25
Joseph Forte,25
Dedric Willoughby,25
Adam Mokoka,25
Jordan Bone,24
Nemanja Nedovic,24
Jamaal Franklin,24
Coby Karl,24
Darrin Hancock,24
Malcolm Hill,24
Jay Scrubb,24
Erik Murphy,24
Tyler Honeycutt,24
Tony Mitchell,24
Zabian Dowdell,24
Kevin Pangos,24
Peyton Siva,24
Marlon Garnett,24
Trey Thompkins,24
Cameron Reynolds,24
Kenneth Lofton Jr.,24
Othello Hunter,23
Peyton Watson,23
James Collins,23
William Cunningham,23
Trey Johnson,23
Robert Whaley,23
Bryce Cotton,23
Julius Hodge,23
Boniface Ndong,23
Deividas Sirvydis,23
Cedric Bozeman,23
Randolph Childress,23
Vernon Macklin,23
Alvin Jones,23
Nate Hinton,23
Jack Cooley,23
Justin Harper,22
Thomas Hamilton,22
Cheikh Samb,22
Cezary Trybanski,22
Brandon Boston Jr.,22
Justin Patton,22
Torraye Braggs,22
Omar Cook,22
Larry Drew II,22
Kostas Antetokounmpo,22
Joe Stephens,22
David Vanterpool,22
Moussa Diabate,22
Donta Hall,22
AJ Hammons,22
Donnie Boyce,22
Josh Hall,21
BJ Johnson,21
Garret Siler,21
Joe Crispin,21
Sedale Threatt,21
Steve Goodrich,21
Isaiah Hicks,21
Melvin Booker,21
Brice Johnson,21
Erik Daniels,21
Jonathan Gibson,21
Rick Hughes,21
Alec Peters,20
Thomas Gardner,20
Sherron Collins,20
John Coker,20
God Shammgod,20
Eric Leckner,20
Myke Henry,20
Damien Inglis,20
Naz Mitrou-Long,20
Uros Slokar,20
Xavier Munford,20
Neemias Queta,20
Gerald Madkins,19
Adam Harrington,19
Aaron Miles,19
John Butler Jr.,19
Kaniel Dickens,19
Larry Owens,19
Blake Ahearn,19
Arinze Onuaku,19
Andrew Gaze,19
Zhou Qi,19
Willie Warren,19
Daniel Ochefu,19
Arvydas Macijauskas,19
Deng Adel,19
Ndudi Ebi,19
Eddie Basden,19
Tim Quarterman,19
Jabari Brown,19
Stephen Zimmerman,19
James Cotton,19
Demetris Nichols,18
P.J. Dozier,18
Paul Shirley,18
Gerald Fitch,18
Nicolas Laprovittola,18
Julian Washburn,18
Tim Kempton,18
Isaiah Todd,18
Jamal Cain,18
Johnny Juzang,18
Darius Washington,18
Sean McDermott,18
Shawn Long,18
Jeremiah Martin,18
Tyler Bey,18
Joel Bolomboy,18
Malik Fitts,18
Marcus Landry,18
Jaden Springer,18
Javonte Smart,17
Mike Smith,17
Julian Champagnie,17
Trevelin Queen,17
Mirsad Turkcan,17
Sarunas Marciulionis,17
Frank Brickowski,17
Kevin Murphy,17
Chris Taft,17
Craig Brackins,17
Ken Norman,17
Lou Roe,17
Gabriel Deck,17
Lazaro Borrell,17
Jason Lawson,17
Jeff Sheppard,17
Jack White,17
Taurean Green,17
Ira Bowman,17
Ken Johnson,16
Will Conroy,16
Luke Zeller,16
Ray Spalding,16
Dijon Thompson,16
Jared Harper,16
Tyrese Martin,16
Luis Flores,16
Rodney Purvis,16
Melvin Sanders,16
Brent Scott,16
Jarrod Uthoff,16
John Celestand,16
Paul Grant,16
Stephane Lasme,16
Marko Simonovic,16
Zoran Dragic,16
Keon Ellis,16
Nate Driggers,15
Josh Minott,15
Leon Smith,15
Aleksandar Radojevic,15
Kebu Stewart,15
Dru Smith,15
Dontae' Jones,15
Jamil Wilson,15
Horace Jenkins,15
Jamel Artis,15
Andrew White III,15
Brad Lohaus,15
Vince Williams Jr.,15
Nikola Jovic,15
A.J. Lawson,15
Carldell Johnson,15
Ty-Shon Alexander,15
Xavier Moon,14
London Perrantes,14
Ike Anigbogu,14
Luis Montero,14
Bryce Dejean-Jones,14
Kyle Wiltjer,14
Brandon Sampson,14
Braxton Key,14
Will Blalock,14
Dakota Mathias,14
Jason Sasser,14
Jared Rhoden,14
Chris Babb,14
Darryl Watkins,14
Jason Preston,14
RJ Nembhard Jr.,14
Jared Terrell,14
Andre Emmett,14
Victor Alexander,14
Edy Tavares,13
Sean Colson,13
Zhaire Smith,13
Charles Cooke,13
Jabari Bird,13
Tom Chambers,13
Jeff Nordgaard,13
Michael Frazier II,13
Petr Cornelie,13
Jaylen Morris,13
Andreas Glyniadakis,13
Jalen Harris,13
Xavier Sneed,13
Jamorko Pickett,13
Sharife Cooper,13
DeMarcus Nelson,13
Ruben Garces,13
Tyrell Terry,13
Devin Cannady,13
Georgios Kalaitzakis,13
Ryan Rollins,12
Didi Louzada,12
Anthony Grundy,12
Fred Roberts,12
Cedric Jackson,12
Brian Bowen II,12
JD Davison,12
Carlik Jones,12
Marcus Garrett,12
Robert Hite,12
Yves Pons,12
Jordan Loyd,12
Dairis Bertans,12
Noel Felix,12
Tibor Pleiss,12
Daryl Macon,12
Isaiah Mobley,12
Thomas Welsh,11
James Lang,11
Norman Richardson,11
Stacey King,11
Devon Hall,11
Desmon Farmer,11
Antoine Rigaudeau,11
Walt Lemon Jr.,11
Marcus Derrickson,11
Kasib Powell,11
Jay Huff,11
Ivan McFarlin,11
Myles Powell,11
Jontay Porter,11
Sun Sun,10
Mark Jones,10
Desmond Penigar,10
Kris Joseph,10
Corsley Edwards,10
James Webb III,10
Maurice Carter,10
Alex Garcia,10
Nigel Williams-Goss,10
Milton Doyle,10
Karim Mane,10
Kevin Hervey,10
Rawle Alkins,10
Vander Blue,10
Scott Machado,10
Micah Potter,10
Ruben Nembhard,10
Buddy Boeheim,10
Travis Leslie,10
Courtney Fortson,10
Xavier Cooks,10
Tito Maddox,9
Joe Courtney,9
Drew Gordon,9
Jalen Lecque,9
Casper Ware,9
Casey Shaw,9
Pete Myers,9
Quenton Jackson,9
Earl Cureton,9
Jeff Dowtin,9
Tang Hamilton,9
Jerome Dyson,9
Jordan Hall,9
Derek Grimm,9
Nigel Hayes,9
Elmer Bennett,9
Michael Gbinije,9
Martin Lewis,9
Ron Harper Jr.,9
Reggie Hanson,8
Grant Jerrett,8
Pierre Jackson,8
Vic Law,8
Cliff Alexander,8
Hassani Gravett,8
Jemerrio Jones,8
Bonzie Colson,8
Alex Stepheson,8
Aleksandar Djordjevic,8
Chris King,8
Fred Vinson,8
James Scott,8
Dennis Horner,8
Devin Robinson,8
Will Cherry,8
Stevin Smith,8
A.J. Bramlett,8
Taylor Griffin,8
Dexter Boney,8
Justin Dentmon,8
Walter Sharpe,8
Darius Johnson-Odom,7
Joel Ayayi,7
Jimmy Oliver,7
Desmond Ferguson,7
Cole Swider,7
Steve Scheffler,7
Frankie King,7
Josh Gray,7
Diamond Stone,7
Carrick Felix,7
Nate Huffman,7
Gian Clavell,7
Marques Bolden,7
Grant Riller,7
Kosta Perovic,7
Mark Macon,7
Nate Darling,7
Robert Franks,7
DeVaughn Akoon-Purcell,7
Negele Knight,6
Ike Fontaine,6
Emanuel Terry,6
Troy Bell,6
Chinanu Onuaku,6
Kevinn Pinkney,6
Cameron Oliver,6
Mike Brown,6
Dan McClintock,6
Robert Werdann,6
Scotty Pippen Jr.,6
Jamal Robinson,6
Branden Dawson,6
David Stockton,6
Dontell Jefferson,6
Tim Breaux,6
Pavel Podkolzin,6
Jerel McNeal,6
Aaron Henry,6
Adonis Thomas,6
Peter John Ramos,6
Martynas Andriuskevicius,6
Geno Carlisle,6
Guillermo Diaz,6
Matt Fish,6
Kendall Brown,6
Dewan Hernandez,6
Fab Melo,6
Andre Ingram,6
Kirk Penney,6
Jordan Schakel,6
Amida Brimah,5
Joe Chealey,5
Andy Rautins,5
Trevor Hudgins,5
Jerry Smith,5
Alex Kirk,5
Xavier Rathan-Mayes,5
Aleem Ford,5
Zach Norvell Jr.,5
Zylan Cheatham,5
Ryan Reid,5
Marcus Paige,5
Chaundee Brown Jr.,5
George King,5
Chris McCray,5
Gabe York,5
Courtney Sims,5
Evric Gray,5
Matt Mooney,5
Keith Appling,5
Darington Hobson,5
Keith Tower,5
Maurice Baker,5
DeMarco Johnson,5
Patricio Garino,5
Dereon Seabron,5
Mile Ilic,5
Miles Simon,5
Mitchell Creek,5
Mychel Thompson,5
Jamel Thomas,5
Jacob Wiley,5
Jamaree Bouyea,5
Brian Oliver,5
Ibrahim Kutluay,5
Isaac Humphries,5
Jeenathan Williams,5
Stanton Kidd,4
Darius Days,4
Xavier Silas,4
Justin Minaya,4
Hiram Fuller,4
Andre Dawkins,4
Justin Wright-Foreman,4
DJ Stephens,4
Adonis Jordan,4
Alvin Sims,4
JaQuori McLaughlin,4
Jimmy Carruth,4
Randy Holcomb,4
Erik McCree,4
Eric Dawson,4
Jeff Foote,4
Edwin Ubiles,4
Ed Stokes,4
Vincent Hunter,4
James Southerland,4
Patrick Christopher,4
Lester Quinones,4
Billy Garrett,4
Dusty Hannahs,4
Moses Wright,4
Omari Johnson,4
Gabriel Lundberg,4
Matt Costello,4
Garth Joseph,4
Scotty Hopson,4
Zavier Simpson,4
Spud Webb,4
Greg Whittington,4
Mangok Mathiang,4
Shea Seals,4
Marcus Cousin,4
Yuta Tabuse,4
Troy Caupain,4
Shamorie Ponds,4
Josh Reaves,4
Marial Shayok,4
Mac McClung,4
Gaylon Nickerson,4
Cuonzo Martin,3
Ernest Brown,3
Sharrod Ford,3
Jon Teske,3
Ennis Whatley,3
Royce White,3
Cameron McGriff,3
Sim Bhullar,3
Trevor Keels,3
Wayne Turner,3
Lance Allred,3
Pape Sy,3
Tim Ohlbrecht,3
Korleone Young,3
Guy Rucker,3
Ben Bentil,3
Josh Akognon,3
Donte Grantham,3
Larry Krystkowiak,3
Jameel Warney,3
Jarron Cumberland,3
J.P. Macura,3
Terrance Roberson,3
Cat Barber,3
Trevon Duval,3
Craig Sword,3
Tariq Owens,3
Reggie Hearn,3
Jacob Pullen,3
Coty Clarke,3
Roger Powell,3
Matt Williams Jr.,3
Chris Jent,3
Keith Benson,3
M.J. Walker,2
Joe Crawford,2
Elias Harris,2
Yante Maten,2
Jimmy King,2
Matt Steigenga,2
Feron Hunt,2
Mike Tobey,2
Mike Hall,2
JJ O'Brien,2
Malik Newman,2
William Howard,2
Matt Walsh,2
Donovan Williams,2
Kyle Alexander,2
Tony Bobbitt,2
Chris Smith,2
Kelly McCarty,2
David Johnson,2
Keith Langford,2
Jerome Beasley,2
Rob Edwards,2
Kalin Lucas,2
D.J. Kennedy,2
Derrick Zimmerman,2
Chima Moneke,2
Scottie Lewis,2
Sean Higgins,2
Angel Delgado,2
Shane Edwards,2
Shaq Buchanan,2
Trey Gilder,2
Trevon Scott,2
Ben Moore,2
Ashton Hagans,2
David Wear,2
Dell Demps,2
Deng Gai,2
Derrick Byars,2
Derek Hood,2
Vincent Edwards,2
Arnoldas Kulboka,2
Paris Bass,2
Jerrelle Benimon,2
Derrick Alston,2
Peter Aluma,2
Slavko Vranes,1
Aaron Jackson,1
Jacob Gilyard,1
Trey McKinney-Jones,1
Zach Lofton,1
Trevor Winter,1
Will Magnay,1
Andy Panko,1
Alex Scales,1
Jaysean Paige,1
Steven Hill,1
Tahjere McCall,1
Trayvon Palmer,1
Brandin Knight,1
Jordan Sibert,1
Jonathan Kerner,1
Bob McCann,1
Antonio Anderson,1
Duje Dukan,1
Stanley Umude,1
Mark Baker,1
Chance Comanche,1
Renaldo Major,1
DeJon Jarreau,1
JamesOn Curry,1
Ahmad Caver,1
RaiQuan Gray,1
Michael Foster Jr.,1
Ratko Varda,1
Danuel House,1
Jaime Echenique,1
Tyson Wheeler,1
Michael McDonald,1
Ade Murkey,1
Eric Mika,1
Elmore Spencer,1
Elijah Bryant,1
Alondes Williams,1
Ryan Robertson,1
Jason Miskiri,1
Tyler Hall,1
Chris Owens,1
Gani Lawal,1
Tyler Davis,1
Javin DeLaurier,1
Oliver Lafayette,1
